agency_id,agency_name,agency_description
1,CTDEEP,CT Department of Energy and Environmental Protection
2,MADEP,MA Department of Environmental Protection
3,MAFW,MA Fish and Wildlife
4,USGS_Conte,USGS Conte Lab
5,MEDMR,Maine Department of Marine Resources
8,USFS,US Forest Service
13,MEDEP,ME Department of Environmental Protection
14,NOAA,National Oceanic and Atmospheric Administration
15,MEDOT,ME Department of Transportation
16,USFWS_ME,"US Fish and Wildlife Service, Maine Field Office"
17,MEIFW,ME Inland Fisheries and Wildlife
18,PINDNR,Penobscot Indian Nation Department of Natural Resources
19,HCSWCD,Hancock County Soil and Water Conservation District
25,BSP,Baxter State Park
29,ARWC,Androscoggin River Watershed Council
32,PSU,Plymouth State University
33,SRCC,Saco River Corridor Commission
35,UMAINE,University of Maine
36,UNITY,Unity College
40,NYDEC,NY Department of Environmental Conservation
43,VTFWD,VT Fish and Wildlife Department
47,ME_MC,Midcoast Conservancy
48,USGS_Leetown,USGS Leetown Science Center
49,JMU,James Madison University
55,USGS,U.S. Geological Survey
60,USFWS_MNWR,"US Fish and Wildlife Service, Moosehorn National Wildlife Refuge"
61,FRITSCHIE,"Keith Fritschie, Dartmouth"
64,HAYDEN,Michael Hayden
66,RIDEM,Rhode Island Department of Environmental Management
68,CTVOLMON,CT Volunteer Monitoring
70,USFWS_LGL,"US Fish and Wildlife Service, Lower Great Lakes FWCO"
71,TU_NY,"Trout Unlimited, New York Chapter"
73,SVWA,Southeastern Vermont Watershed Alliance
75,HMF,Hopkins Memorial Forest
76,TU_HR,"Trout Unlimited, Housatonic River"
77,OARS,OARS
78,ARA,Ausable River Association
83,TU_ADK,"Trout Unlimited, Adirondacks"
84,TU_CLEARWATER,"Trout Unlimited, Clearwater Chapter"
86,MAFW_RQ,"MA Division of Fish and Wildlife, Rebecca Quinones"
